game_id,game_name,game_name_ver
244674938512069,111,
224446568128965,11.15测试,
229813443698885,11.3,
375916996596613,井然有序(弃),
268008982646906,人工语言,
268008982663237,卡片分类2,
268008982667365,吹气球（试验）,
408834892952773,商用无常莫,
408835133592837,商用有常莫,
355770390020997,图形折叠题目评估,
340165279265541,图形推理题目评估,
346823160087301,图形推理题目评估2,
341254274990981,图片学习,
268008982667375,声调判断（语言）,
268008982659191,多余,
268008982650975,太空飞船2,
268008982646878,字形判断（语言）,
268008982659195,宇宙遨游,
268008982659147,宇宙黑洞,
268008982646907,宇宙黑洞A（中级）,
268008982659182,宇宙黑洞A（初级）,
268008982642768,宇宙黑洞A（终级）,
268008982667362,宇宙黑洞A（高级）,
268008982659196,宇宙黑洞B（中级）,
268008982663283,宇宙黑洞B（初级）,
268008982650996,宇宙黑洞B（终极）,
268008982646875,宇宙黑洞B（高级）,
268008982642808,宇宙黑洞（2）,
394363352708293,常模测试,
423615982751813,常模测试,
604123043110981,常模测试,
604123578675269,常模测试1,
604151069302853,常模测试1,
607750557634629,常模测试1,极速版
268008982642781,快速归类（思维）,
423014140547141,情绪图片唤醒度补充评定,
391493098423173,情绪图片唤醒度评定,
423013565763653,情绪图片愉悦度补充评定,
391493453050757,情绪图片愉悦度评定,
638907587735877,情绪图片测试A,
651645420204357,情绪图片测试B,
423014505992517,情绪图片相似性补充评定,
380520142385925,情绪图片相似性评定,
380519431148293,情绪图片评定,
626790057971845,情绪记忆,
268008982671444,找不同情绪,
268008982659198,拼音判断（语言）,
340166985253637,数字推理题目评估,
268008982650989,文字推理,
268008982659160,时空相机A（中级）,
268008982646910,时空相机A（初级）,
268008982659176,时空相机A（终级）,
268008982659150,时空相机A（高级）,
268008982659148,时空相机B（中级）,
268008982650993,时空相机B（初级）,
268008982667377,时空相机B（终级）,
268008982667376,时空相机B（高级）,
268008982663274,明白他的心,
391422587032325,汽车华容道,
224059608330437,测试,
287858496704709,测试,
342628839920517,测试,
361816084030341,测试,
394390107358469,测试,
409814779122885,测试,
597052136099909,测试,
236893763314245,测试12.20,
268008982667357,照相机,
268008982642774,照相机（2）,
408835637036293,科研,
268008982646880,符号判断（语言）,
340163183833989,词对选择题目评估,
380507966604165,词汇学习（弃）,
632502967169349,词汇自由回忆A,
632535398862981,词汇自由回忆A,
651649192677701,词汇自由回忆A1,
651650903945349,词汇自由回忆A2,
651651299713349,词汇自由回忆A3,
651651853803845,词汇自由回忆B1,
651652260946245,词汇自由回忆B2,
651652606558277,词汇自由回忆B3,
268008982659163,词语判断（语言）,
268008982655047,语义判断（语言）,
268008982646885,请你找茬,
268008982667371,谁在唱歌,
268008982655052,谁在唱歌A,
268008982650973,谁在唱歌B,
638908800016517,连线测试,
268008982659149,速算师,
268008982646877,速算师（中级）（数学）,
268008982659170,速算师（初级）（数学）,
398492224787717,面孔测试A,
633945066778757,面孔测试B,
398491719738629,面孔记忆A,
633944617230405,面孔记忆B,
268008982642789,魔术师(old),
268008982646867,魔术师B,
244676320735941,111,
224467156140485,11.15测试,
229818375741957,11.3,
229818758013125,111,
354609464496901,12,
359200644883205,12121,
299514553942149,6.15测试题目壳,
641376436244805,L1-1知识测试一,L1-1体验课  2.0
644540889702725,L1-1知识测试三,L1-1体验课 2.0
644539378823301,L1-1知识测试二,L1-1体验课 2.0
644568522522949,L1-1知识测试五,L1-1体验课 2.0
644567112356165,L1-1知识测试四,L1-1体验课 2.0
644576030396741,L1-2知识测试一,L1-2体验课 2.0
644577204789573,L1-2知识测试三,L1-2体验课 2.0
644573611532357,L1-2知识测试二,L1-2体验课 2.0
644577610019141,L1-2知识测试五,L1-2体验课 2.0
644577410494533,L1-2知识测试四,L1-2体验课 2.0
273738969034821,RAVEN-FAIR,
303489520165061,Sandia,
304783850197189,Sandia推理A,
304784498593861,Sandia推理B,
304784861413445,Sandia推理C,
304785220964549,Sandia推理D,
304785540911301,Sandia推理E,
304785832734981,Sandia推理F,
268008982671438,三维心理旋转测试,
268008982663240,三维心理旋转测试A,
268008982642804,三维心理旋转测试B,
580483470716997,三维心理旋转测试PRO,
676667891790149,三维心理旋转训练题目库,1.0.0
268008982651005,二维心理旋转测试2,
268008982667373,二维心理旋转测试A,
268008982655071,二维心理旋转测试B,
268008982671456,二维心理旋转测试C,
268008982659158,二维心理旋转测试D,
580492213940549,二维心理旋转测试PRO,
352236488725381,动词产生评估,
425143509897541,合作与竞争人格倾向量表,
268008982650986,图形归纳推理,
268008982642814,图形归纳推理A,
268008982650960,图形归纳推理B,
361742677373829,图形折叠,标准版
301027251814597,图形折叠1,
301027619807365,图形折叠2,
301027875340485,图形折叠3,
301028077551685,图形折叠4,
301028264898693,图形折叠5,
301028456788037,图形折叠6,
268008982659186,图形折叠A,
268008982650957,图形折叠B,
268008982642796,图形折叠C,
268008982671449,图形折叠D,
580808233295941,图形折叠LQ,
268008982671453,图形折叠与展开,
268008982659187,图形折叠与展开A,
268008982650951,图形折叠与展开B,
355686939226885,图形折叠题目评估,测试版
354466962690821,图形推理,科研版
580841258504261,图形推理-儿童,
268008982650971,图形推理A,
268008982646861,图形推理B,
580807138046021,图形推理LQ,
268008982659146,图形推理极速版,
674552907460933,图形推理训练题目库,1.0.0
339019622466309,图形推理题目评估,
346809444422533,图形推理题目评估2,1.0.0
268008982659199,图形演绎推理,
268008982663294,图形演绎推理A,
268008982655095,图形演绎推理B,
314028039667909,平面展开测试,
676677809090693,平面展开训练题目库,1.0.0
579116416213317,开发测试题目壳0625,1.0.0
641344618500165,情感态度测试,
414506445116677,情绪ABC,
268008982671441,找相同,
268008982655101,数字归纳推理,
268008982663246,数字归纳推理A,
268008982646876,数字归纳推理B,
268008982655091,数字归纳推理C,
268008982642770,数字归纳推理D,
354466676482949,数字推理, 科研版
268008982671440,数字推理A,
281716705808453,数字推理A-RC,
268008982655066,数字推理B,
281719701663813,数字推理B-RC,
676357508333893,数字推理训练题目库,1.0.0
276413443588165,数字推理预实验,
290019866325125,数字推理预实验20220519,
276473782169669,数字推理预实验A,
276478112862277,数字推理预实验B,
339028892590981,数字推理题目评估,
268008982667337,数字推理高级,
268008982663263,数字演绎推理,
290594132181189,数学填空题测试,
293908844200069,数学测试题,
354466063819653,文字推理,科研版
268008982642780,文字推理-初级,
268008982646858,文字推理-高级(old),
268008982659190,文字推理A,
281723156361285,文字推理A-RC,
268008982655096,文字推理A-标准,
268008982642785,文字推理B,
281805062123589,文字推理B-RC,
268008982655085,文字推理B-标准,
676334011469957,文字推理训练题目库,1.0.0
276404847411269,文字推理预实验,
290052042195077,文字推理预实验20220519,
276469392740421,文字推理预实验A,
276473290412101,文字推理预实验B,
268008982642802,文字推理高级,
675226123305093,测评基本信息,1.0.1
287880169009221,测试,
314670204834053,物体旋转测试,
300987577495621,瑞文标准推理A,
300987965182021,瑞文标准推理B,
300988266819653,瑞文标准推理C,
264448010960965,瑞文高级推理,
268008982659175,瑞文高级推理-旧版,
290588700688581,短文阅读测试,
668352655441989,短视频程序使用,1.0.0
314024649793669,视觉记忆测试-学习阶段,
314021330059525,视觉记忆测试-测试阶段,
314693636518149,视角判断测试,
339070867890949,词对匹配题目评估,
339071451681541,词对选择题目评估,
237896300523589,远距离联想A,
237897134383301,远距离联想B,
268008982646856,远距离联想标准版,
268008982650990,远距离联想高级版,
268008982646855,阅读判断,
268008982655094,阅读理解,
224066561306821,题目壳11.14,
604196938731845,题目壳测试,
268008982650976,（临时）图形推理题目库,
268008982646884,（临时）文字推理题目,
268008982667367,（勿删）梅鹏题目壳使用,
677248703340677,图形推理临时,1.0.0
678809991524485,测评游戏测试1,pro
679251227779205,情绪图片再认A,
679251671031941,情绪图片再认B,
638908044738885,情绪图片记忆A,
651644830355781,情绪图片记忆B,
699023629271749,22222,
699342803919493,测试,
701813509063301,测试,
701814108037765,测试,
687404134261061,上传文件测试,
709688626741893,图形推理筛选,
710752819397317,图形推理筛选（难）,
709660492178117,平面展开筛选,
710722536194757,平面展开筛选（难）,
687403536875845,开发测试,
709693128507845,文字推理筛选,
687403735507013,测试222,
687405820739717,测试321560,
